Topic_0,Topic_1,Topic_2,Topic_3,Topic_4,Topic_5,Topic_6,Label,Score
0.29812592,0.28286964,0.015898064,0.01595217,0.14829238,0.22297972,0.015882153,neutral,0.4
0.19365376,0.21484093,0.20279188,0.07205607,0.08045226,0.1441642,0.092040874,fear,0.28
0.1341452,0.010268274,0.11340073,0.010255324,0.08810867,0.15330815,0.49051365,neutral,0.34
0.03440537,0.22459358,0.00335798,0.071083255,0.08356417,0.16522965,0.41776603,anger,0.2517
0.16254666,0.26540315,0.16163339,0.16955155,0.08857735,0.009509928,0.14277798,anger,0.38
0.020423915,0.44880006,0.30601805,0.16332601,0.020537019,0.020471018,0.020423917,neutral,0.49
0.014316846,0.2850306,0.31368732,0.34396306,0.014333956,0.014363141,0.014305109,neutral,0.64
0.011901549,0.22357269,0.29942146,0.011872974,0.18463835,0.17341082,0.09518214,neutral,0.61
0.22941872,0.10673314,0.03281738,0.35608244,0.11879248,0.10815412,0.04800171,surprise,0.29
0.294057,0.009584724,0.009556573,0.16693394,0.08396388,0.28807855,0.14782535,neutral,0.56
0.22576855,0.09143595,0.14162636,0.15279213,0.36808157,0.010125297,0.010170198,neutral,0.41
0.11673791,0.117321104,0.29844972,0.2707451,0.12700254,0.0375892,0.03215447,neutral,0.17
0.13982405,0.12285446,0.17760095,0.0047924914,0.17911847,0.11906436,0.2567452,neutral,0.22
0.076357536,0.23471414,0.30474347,0.009563415,0.009567315,0.15507242,0.20998167,neutral,0.58
0.017716626,0.7691486,0.017716276,0.14203961,0.017952021,0.017727222,0.017699698,anger,0.28
0.18476555,0.18717083,0.005738365,0.054100506,0.26436558,0.23143175,0.0724274,disgust,0.5212
0.013022723,0.48098448,0.013010496,0.115965314,0.10404124,0.16424847,0.10872728,neutral,0.46
0.035760414,0.4142679,0.035952542,0.40630558,0.03587235,0.03582679,0.036014397,fear,0.5701
0.4606286,0.1270677,0.015885297,0.015885297,0.015892427,0.12705486,0.23758583,neutral,0.43
0.2748828,0.28520435,0.08852046,0.07772997,0.06062611,0.06413029,0.14890598,disgust,0.19
0.27487925,0.28520492,0.08852058,0.07773143,0.060626246,0.06413034,0.1489072,disgust,0.19
0.11341337,0.06413001,0.13640626,0.105043024,0.12092044,0.003488709,0.45659813,neutral,0.47
0.146959,0.21427794,0.043853432,0.19933668,0.1978042,0.07192984,0.12583895,fear,0.23
0.13084799,0.24534836,0.36726144,0.1267138,0.013098323,0.013047183,0.10368293,neutral,0.53
0.15411624,0.015968759,0.5012368,0.015916271,0.1269754,0.015893864,0.16989273,neutral,0.31
0.047619708,0.71428174,0.047619708,0.047619708,0.047619708,0.047619708,0.047619708,anger,0.838
0.30601308,0.020430924,0.3061366,0.3061015,0.020475136,0.020412678,0.020430066,neutral,0.64
0.020248378,0.16308568,0.4503374,0.16289932,0.02024696,0.02023216,0.16295011,disgust,0.7333
0.21824776,0.22327974,0.010228621,0.24202345,0.14145969,0.010240129,0.15452065,neutral,0.63
0.01587568,0.3492265,0.01587568,0.01587568,0.349175,0.01587568,0.2380958,anger,0.55
0.028274246,0.5903659,0.26825815,0.028243162,0.028250009,0.028341783,0.028266752,joy,0.54
0.20752037,0.12806407,0.16958821,0.08030783,0.06331168,0.17434907,0.17685878,surprise,0.51
0.2131339,0.09994057,0.14137988,0.2490183,0.13418928,0.10099772,0.061340373,sadness,0.22
0.10358663,0.13779564,0.23757267,0.12956247,0.14337796,0.1848977,0.06320692,fear,0.38
0.054705244,0.30724427,0.08847453,0.21360809,0.1164865,0.1335258,0.085955575,disgust,0.27
0.071435295,0.071435295,0.0714353,0.5713882,0.0714353,0.0714353,0.0714353,disgust,0.3725
0.060037654,0.35536477,0.0033691933,0.22154546,0.16442588,0.19189914,0.0033579324,neutral,0.47
0.048167497,0.048167493,0.048167527,0.37669316,0.048167527,0.04816754,0.3824692,surprise,1.0
0.11932511,0.34439027,0.1907341,0.21900876,0.0041579446,0.0041722017,0.118211545,neutral,0.5
0.71372825,0.04786081,0.047662433,0.047714923,0.047620174,0.047620174,0.04779325,neutral,0.85
0.36287463,0.13591562,0.10981727,0.059380714,0.15376602,0.07646952,0.101776294,neutral,0.34
0.14261816,0.01786804,0.15929934,0.62654895,0.017868042,0.017898232,0.017899238,neutral,0.7407
0.020933123,0.020925572,0.16738026,0.021000996,0.46378657,0.13859776,0.16737571,surprise,0.29
0.07508309,0.14505483,0.28533316,0.12029654,0.074406765,0.29140857,0.008417119,neutral,0.32
0.091854356,0.35839176,0.21680437,0.21858273,0.09389074,0.010238016,0.010238025,neutral,0.61
0.22034405,0.12340185,0.15609634,0.20744109,0.03332876,0.15985288,0.099535055,fear,0.21
0.12085301,0.28933653,0.22776927,0.07586192,0.095221266,0.1312003,0.059757646,neutral,0.2733
0.09665111,0.24749765,0.25194782,0.11234424,0.012057992,0.012058003,0.26744318,neutral,0.58
0.1011375,0.2924396,0.0957239,0.118839175,0.20341155,0.003854248,0.18459406,neutral,0.62
0.23339704,0.009298482,0.30966535,0.009302097,0.08668375,0.009303114,0.34235018,neutral,0.68
0.3556787,0.017905267,0.017894996,0.017878765,0.18831174,0.017950298,0.38438025,neutral,0.43
0.09367611,0.2730866,0.030322142,0.13067894,0.23048592,0.13749142,0.10425889,fear,0.38
0.38077894,0.047761597,0.04785711,0.3807193,0.0476277,0.0476277,0.0476277,neutral,0.4724
0.15197383,0.033999853,0.18827908,0.10023149,0.093044266,0.3513416,0.08112986,surprise,0.25
0.16728094,0.16962118,0.16393791,0.16533215,0.07404743,0.124474615,0.13530573,surprise,0.25
0.10553707,0.19124247,0.16840857,0.059001073,0.17725983,0.24314028,0.055410717,neutral,0.26
0.19072838,0.16681458,0.094758675,0.13444935,0.17393512,0.13679263,0.102521256,neutral,0.5018
0.17160988,0.19992843,0.11827138,0.00894757,0.10848537,0.08995547,0.30280188,neutral,0.2118
0.023964694,0.023936749,0.023828395,0.3561549,0.52413875,0.02414814,0.023828395,surprise,0.39
0.1418082,0.39164966,0.017508734,0.14157833,0.017596269,0.14073427,0.14912455,fear,0.44
0.09749967,0.01219324,0.012247157,0.23404019,0.13247308,0.17337605,0.3381706,joy,0.34
0.38007003,0.047692433,0.047826678,0.047856744,0.047692437,0.38116923,0.047692437,neutral,0.5333
0.35379598,0.017907282,0.40425223,0.017940989,0.017869936,0.17027621,0.017957337,neutral,0.36
0.7139335,0.04763384,0.047633845,0.04763384,0.047633845,0.047897298,0.047633845,neutral,0.4667
0.38990188,0.023844592,0.023858616,0.02385184,0.02385433,0.49085647,0.023832249,neutral,0.69
0.44958606,0.1377441,0.015878243,0.015878243,0.015878243,0.015878243,0.34915683,neutral,0.53
0.17616795,0.1664135,0.04451907,0.048321757,0.23120447,0.12689628,0.20647699,neutral,0.24
0.005968775,0.15754107,0.053791475,0.16638242,0.10206469,0.15482455,0.35942703,neutral,0.26
0.2858947,0.5353862,0.035743825,0.035743818,0.03574382,0.03574382,0.035743825,neutral,0.4375
0.4140974,0.21436085,0.21430843,0.11432703,0.014302109,0.014302112,0.01430211,neutral,0.4067
0.2311408,0.13866618,0.1397264,0.11694223,0.14230782,0.074729756,0.15648681,fear,0.4403
0.5663413,0.01790297,0.017898979,0.017901262,0.1562471,0.017951429,0.20575696,neutral,0.44
0.28699458,0.08472941,0.2231522,0.27181602,0.061652787,0.0044698496,0.067185074,neutral,0.27
0.2114785,0.12263479,0.06414034,0.26546916,0.0036017222,0.06687417,0.2658013,neutral,0.33
0.28969187,0.049676545,0.17299213,0.25631377,0.052568175,0.04910367,0.12965389,surprise,0.24
0.32088304,0.10415755,0.2055455,0.12077303,0.070747204,0.048972927,0.12892075,surprise,0.3
0.03579281,0.7854204,0.03579087,0.03571802,0.035718024,0.03584186,0.035718024,anger,0.4
0.11045414,0.3959624,0.22930305,0.038245447,0.09394982,0.0039615934,0.12812352,sadness,0.23
0.1386183,0.14896071,0.17523977,0.22093211,0.10171333,0.07950144,0.13503434,surprise,0.3
0.013968559,0.21161093,0.31973425,0.014105226,0.014151126,0.014020286,0.41240963,neutral,0.48
0.007807556,0.48388872,0.10611061,0.15935422,0.1679417,0.0078063784,0.06709081,neutral,0.54
0.17132866,0.2299779,0.3021213,0.07843487,0.04607209,0.0788309,0.09323424,anger,0.22
0.13123009,0.19493933,0.104749896,0.11323206,0.17450744,0.15018767,0.13115355,neutral,0.37
0.16286509,0.16352615,0.020280795,0.020280551,0.30565643,0.16360772,0.16378322,neutral,0.51
0.12520066,0.13790093,0.14340317,0.21640731,0.11017008,0.071094,0.19582385,sadness,0.6
0.12829392,0.23044068,0.07139783,0.06425144,0.18865259,0.2113899,0.105573654,neutral,0.28
0.25935578,0.19513462,0.008421248,0.27876967,0.07048036,0.114899494,0.07293883,neutral,0.4
0.14285715,0.14285715,0.14285715,0.14285715,0.14285715,0.14285715,0.14285715,anger,0.1871
0.14285715,0.14285715,0.14285715,0.14285715,0.14285715,0.14285715,0.14285715,anger,0.1871
0.028586289,0.028586289,0.02861548,0.42871276,0.028586289,0.22861369,0.22829919,neutral,0.6763
0.011929725,0.19160676,0.10195578,0.17866948,0.09536439,0.40854985,0.011923998,neutral,0.35
0.07143005,0.07143005,0.07143005,0.07143005,0.07143005,0.07143005,0.57141966,anger,0.2757
0.047660954,0.38054362,0.047660954,0.047660954,0.3811516,0.047660958,0.047660958,neutral,0.57
0.0075775003,0.16084556,0.14777616,0.007591414,0.30014652,0.21156362,0.1644992,neutral,0.38
0.04733575,0.52435285,0.08236662,0.08397765,0.03862619,0.08141172,0.14192925,disgust,0.26
0.011915415,0.4143403,0.011915415,0.26196337,0.011915415,0.011915415,0.27603465,anger,0.47
0.33555627,0.12335709,0.1375779,0.13446397,0.24033512,0.014369467,0.014340173,neutral,0.37
0.02045833,0.020525375,0.23569916,0.37140688,0.020411255,0.31102473,0.02047425,sadness,0.26
0.11294914,0.13954575,0.15158728,0.1248779,0.24831513,0.05207325,0.17065156,disgust,0.28
0.06760611,0.20977737,0.06186123,0.078609474,0.41160125,0.041499414,0.12904517,fear,0.24
0.2084042,0.27402526,0.13657819,0.07301277,0.13274157,0.16927357,0.0059643984,neutral,0.25
0.14140593,0.51932454,0.015962528,0.1335222,0.015952628,0.15792881,0.015903406,surprise,0.37
0.15176484,0.11616429,0.07852212,0.11569121,0.110555865,0.18081972,0.24648194,surprise,0.29
0.5354071,0.03579749,0.035813816,0.035719205,0.035719205,0.03589684,0.28564638,joy,0.55
0.11837455,0.16438003,0.085473955,0.1574277,0.19778606,0.20510563,0.07145205,sadness,0.31
0.07143047,0.57141715,0.07143047,0.07143047,0.07143047,0.07143047,0.07143047,joy,0.2474
0.09495469,0.25625238,0.1740224,0.004224759,0.14069095,0.14106652,0.18878826,neutral,0.32
0.005229641,0.2067821,0.22834429,0.21274328,0.20913534,0.057555832,0.08020949,neutral,0.32
0.13933343,0.3285814,0.13438293,0.21418223,0.031542324,0.11938029,0.03259738,fear,0.3
0.23739108,0.044624478,0.20882449,0.24718797,0.0055593727,0.17765452,0.07875805,surprise,0.26
0.0367534,0.0367533,0.03675336,0.52167803,0.036753368,0.29455498,0.03675354,anger,0.45
0.07147567,0.57114595,0.07147568,0.07147567,0.07147568,0.07147568,0.07147568,anger,0.9238
0.12452725,0.14168394,0.12239223,0.13138828,0.014300135,0.3513561,0.11435211,joy,0.39
0.15505052,0.37852588,0.010281262,0.20901121,0.010280099,0.15495692,0.08189407,neutral,0.47
0.14424868,0.16646695,0.12111868,0.15332024,0.13056947,0.18158588,0.102690086,sadness,0.33
0.024482746,0.0244878,0.1951649,0.51376575,0.024380572,0.19333747,0.024380688,neutral,0.63
0.0770156,0.20813735,0.12869982,0.18807669,0.11322745,0.169312,0.11553104,anger,0.24
0.20282571,0.3073938,0.2647447,0.017769475,0.017737018,0.017758915,0.17177041,anger,0.26
0.04084941,0.2507544,0.18585551,0.041678127,0.11780305,0.041555826,0.3215037,anger,0.18
0.028911773,0.02886243,0.02896319,0.028922318,0.028907366,0.42285696,0.432576,surprise,0.45
0.3234873,0.24335735,0.09582626,0.053699926,0.124525204,0.0053067827,0.15379715,neutral,0.38
0.19938155,0.2622852,0.044058036,0.15477698,0.17234612,0.04669353,0.120458625,fear,0.27
0.12712629,0.124368556,0.41284025,0.28768635,0.015928674,0.01595787,0.016091993,neutral,0.39
0.10746377,0.20281504,0.12629223,0.20368536,0.065200694,0.15723076,0.13731213,sadness,0.21
0.82829964,0.028646857,0.02859504,0.028615613,0.028578144,0.028578144,0.028686529,sadness,0.3
0.0357152,0.0357152,0.0357152,0.7856047,0.03581929,0.0357152,0.0357152,neutral,0.9
0.14647983,0.13808218,0.049638756,0.11181874,0.28405717,0.21403557,0.055887796,fear,0.18
0.028598836,0.5118529,0.02859706,0.02879864,0.028784808,0.34478402,0.028583765,neutral,0.54
0.16110913,0.12319752,0.2643855,0.14426164,0.0075281877,0.23236567,0.067152366,sadness,0.57
0.067357354,0.073601514,0.45987663,0.19757137,0.06696109,0.00842888,0.12620313,neutral,0.31
0.010973346,0.39636648,0.01096291,0.47184837,0.010994743,0.010971161,0.08788299,neutral,0.62
0.028635684,0.028635684,0.028635692,0.4274571,0.028635692,0.22904223,0.22895798,neutral,0.6856
0.3066834,0.108039945,0.14603476,0.31152037,0.072647355,0.0057095136,0.04936469,neutral,0.31
0.17818713,0.07254144,0.26680246,0.14934728,0.08602225,0.10813381,0.13896565,surprise,0.37
0.28235155,0.26637802,0.33684194,0.028593926,0.028646743,0.028593928,0.028593928,neutral,0.755
0.0065549077,0.17919964,0.12341946,0.13880053,0.15977852,0.14129457,0.25095236,neutral,0.54
0.26692584,0.20080644,0.013285357,0.013271004,0.13100818,0.19912902,0.17557415,neutral,0.36
0.071431324,0.071431324,0.071431324,0.071431324,0.5714121,0.071431324,0.071431324,anger,0.3165
0.00744838,0.11054013,0.21264808,0.26662406,0.1810417,0.16247721,0.059220415,neutral,0.26
0.09388003,0.28102258,0.1824017,0.10210528,0.14820395,0.092482254,0.099904194,neutral,0.26
0.11327131,0.006514637,0.053097975,0.32857344,0.15357281,0.09701651,0.24795336,neutral,0.2754
0.14486489,0.14705461,0.090546265,0.11667785,0.052276105,0.1752487,0.27333158,surprise,0.28
0.14285715,0.14285715,0.14285715,0.14285715,0.14285715,0.14285715,0.14285715,anger,0.1871
0.07143835,0.07143835,0.5713699,0.07143835,0.07143835,0.07143835,0.07143835,joy,0.6621
0.028579384,0.5984612,0.028685344,0.25842986,0.02866199,0.028579384,0.028602809,neutral,0.88
0.12067229,0.17745432,0.26526037,0.09997948,0.083421536,0.10590755,0.14730448,surprise,0.35
0.035207957,0.53744143,0.035208352,0.035207566,0.03526797,0.035208568,0.28645813,anger,0.73
0.105238125,0.3339753,0.3207483,0.011482925,0.011568247,0.12219872,0.09478842,neutral,0.55
0.11224901,0.15628801,0.19786537,0.19001485,0.12997508,0.06918747,0.14442019,surprise,0.31
0.096347004,0.20521848,0.21402866,0.22029725,0.12656733,0.03326229,0.10427901,neutral,0.2
0.023829972,0.19061789,0.023829972,0.02382997,0.19049478,0.19007944,0.35731798,neutral,0.6395
0.31440526,0.014372194,0.1250847,0.12760407,0.014301006,0.28996527,0.114267536,disgust,0.32
0.21659876,0.1534112,0.103644624,0.14965253,0.042394523,0.17123823,0.16306016,joy,0.26
0.11401233,0.11191835,0.11218841,0.013387605,0.110705264,0.32329547,0.21449257,neutral,0.53
0.1189785,0.32408616,0.103785776,0.09602288,0.11900639,0.11910735,0.11901292,neutral,0.53
0.10028837,0.011909362,0.4834297,0.18430176,0.11287975,0.011965786,0.09522525,neutral,0.54
0.11766561,0.2476281,0.07181407,0.12819429,0.19923198,0.07657609,0.15888986,disgust,0.275
0.20694359,0.3199048,0.11071467,0.15717371,0.10628238,0.0110491235,0.08793169,anger,0.29
0.016044214,0.12619433,0.01605006,0.17480345,0.29784438,0.24066724,0.12839632,disgust,0.23
0.028699841,0.028769711,0.24788706,0.2800291,0.028600628,0.02864776,0.3573659,neutral,0.408
0.3070448,0.1629476,0.02051176,0.3049374,0.020471672,0.1636151,0.020471675,neutral,0.48
0.10704193,0.064197496,0.10721144,0.20660613,0.20038675,0.107207365,0.20734887,neutral,0.26
0.1675319,0.11457888,0.05385932,0.2902781,0.05539059,0.095887065,0.22247419,disgust,0.29
0.22200246,0.34298652,0.06127489,0.076336205,0.008447451,0.10358374,0.18536873,neutral,0.36
0.18558705,0.030198501,0.24235846,0.24224156,0.030198604,0.03019864,0.2392172,joy,0.26
0.009083729,0.13243762,0.18848343,0.25642732,0.087191224,0.19831723,0.12805945,fear,0.35
0.13681944,0.13341622,0.07445409,0.13358657,0.00888856,0.23030046,0.28253463,surprise,0.4
0.07576628,0.05419031,0.045878336,0.3583354,0.27884173,0.12904564,0.0579423,surprise,0.21
0.114945985,0.23108031,0.1435177,0.15362416,0.1565384,0.18631716,0.013976241,anger,0.27
0.14039148,0.09335075,0.0075257537,0.07086008,0.41994062,0.058212295,0.20971897,neutral,0.29
0.013459406,0.28402957,0.31157556,0.15905601,0.20491356,0.013505936,0.013459907,neutral,0.59
0.18936759,0.19056572,0.1908446,0.023620078,0.023620449,0.19098198,0.19099961,sadness,0.5425
0.2678857,0.01773937,0.017850047,0.23754844,0.26807237,0.17317948,0.017724622,anger,0.51
0.17269754,0.14010817,0.20850897,0.09621077,0.21555483,0.05572848,0.1111912,surprise,0.23
0.0142942695,0.23376831,0.01429427,0.0142942695,0.29486138,0.01429427,0.4141932,neutral,0.3064
0.07143661,0.07158817,0.07143661,0.07143661,0.5712288,0.07143661,0.07143661,neutral,0.6565
0.07635231,0.29387027,0.04123505,0.111271374,0.112029836,0.22478445,0.1404567,fear,0.24
0.14344662,0.017965458,0.47974977,0.1795856,0.14328115,0.017970532,0.018000884,anger,0.333
0.11434978,0.35878128,0.31418997,0.014309308,0.16977945,0.0142951,0.0142951,neutral,0.53
0.20491637,0.5300651,0.020475801,0.020476691,0.02047221,0.020498142,0.18309566,sadness,0.31
0.14784187,0.2698529,0.2303822,0.31889164,0.011001624,0.0110198045,0.011009908,neutral,0.62
0.44940647,0.1625749,0.020428628,0.020428626,0.30630413,0.020428628,0.020428628,neutral,0.55
0.028610727,0.22807716,0.22884822,0.028610725,0.2287332,0.02861073,0.22850928,surprise,0.549
0.49334505,0.24501048,0.020108743,0.18150616,0.019978331,0.020072373,0.019978832,surprise,0.63
0.18426932,0.30592874,0.010528886,0.010585298,0.15816216,0.17233506,0.15819053,surprise,0.36
0.14285715,0.14285715,0.14285715,0.14285715,0.14285715,0.14285715,0.14285715,anger,0.1871
0.17825311,0.17853324,0.17886534,0.012013028,0.17873502,0.1783704,0.095229864,neutral,0.31
0.07798001,0.16639979,0.21897474,0.10829461,0.13708416,0.13533998,0.15592673,fear,0.21
0.0716222,0.071627215,0.071616925,0.071429096,0.071609944,0.57053435,0.071560234,surprise,0.6547
0.44934258,0.020513764,0.020449672,0.16335654,0.16344726,0.16244048,0.020449674,neutral,0.44
0.16828774,0.05996718,0.05749147,0.27186048,0.09356772,0.03483655,0.31398883,sadness,0.27
0.12076978,0.14109331,0.21123172,0.217648,0.106025875,0.13359064,0.069640696,disgust,0.24
0.086404905,0.11387798,0.079962224,0.21760245,0.23357394,0.17780384,0.0907747,neutral,0.24
0.34913996,0.015900955,0.01592356,0.3300116,0.01588023,0.12693797,0.14620568,neutral,0.654
0.1939109,0.18689612,0.10783795,0.09824678,0.14775907,0.16231032,0.10303883,neutral,0.3
0.19490583,0.46762922,0.013079042,0.10354773,0.013002012,0.1038636,0.10397258,neutral,0.53
0.04769073,0.04769073,0.047690734,0.3815108,0.047690734,0.38003555,0.047690734,joy,0.35
0.14023158,0.14405575,0.1573502,0.1343868,0.17369694,0.13945265,0.11082606,neutral,0.33
0.0716424,0.0716424,0.57014555,0.071642384,0.071642414,0.071642414,0.07164242,neutral,0.56
0.22445442,0.09113602,0.39294228,0.09858215,0.0062185084,0.123448975,0.06321762,sadness,0.28
0.11709032,0.32281643,0.22510867,0.15508369,0.009601113,0.0096184015,0.16068137,neutral,0.59
0.316841,0.4391559,0.008418839,0.067298986,0.070397705,0.0084179,0.08946966,joy,0.32
0.15984438,0.20498268,0.18103443,0.24943729,0.096119836,0.011915128,0.096666254,neutral,0.5
0.1603404,0.124632224,0.28354967,0.04504097,0.20096569,0.07917668,0.10629438,surprise,0.24
0.53779715,0.25938007,0.13919523,0.015960978,0.01589625,0.015886365,0.015883906,neutral,0.45
0.035754472,0.5352874,0.035754472,0.035754513,0.0359436,0.035803165,0.2857024,surprise,0.55
0.07144815,0.07144815,0.071448155,0.07144815,0.071448155,0.57131106,0.071448155,joy,0.7179
0.023848252,0.023892108,0.023838906,0.19058824,0.023869822,0.524293,0.18966973,neutral,0.4227
0.018000782,0.23321949,0.13698727,0.018120313,0.18103284,0.26969963,0.14293964,joy,0.25
0.1891037,0.19082332,0.023663845,0.023656843,0.19115332,0.19124666,0.19035232,neutral,0.23
0.19063906,0.19255638,0.11626471,0.11720749,0.13819654,0.117089964,0.12804584,neutral,0.3
0.047837704,0.04783769,0.047837712,0.382569,0.047837704,0.3782425,0.047837712,neutral,0.63
0.19825546,0.15213291,0.08082049,0.007996466,0.23117734,0.19549653,0.13412079,disgust,0.37
0.19151188,0.21737286,0.16683131,0.13026541,0.10078391,0.15082629,0.042408284,fear,0.21
0.2419469,0.25930694,0.07534839,0.0686839,0.1183843,0.08945548,0.14687411,fear,0.33
0.101380154,0.26934636,0.08916374,0.18652424,0.06478274,0.12051237,0.16829036,neutral,0.23
0.19827741,0.2899529,0.1383745,0.104650185,0.1078266,0.04640883,0.11450959,joy,0.2
0.17956904,0.011065299,0.28808504,0.011088357,0.2464466,0.25265276,0.0110929115,sadness,0.39
0.1955118,0.11662996,0.120298944,0.312267,0.088831894,0.03593793,0.13052247,fear,0.22
0.19344337,0.15825327,0.16916336,0.13350002,0.15626372,0.058696903,0.13067934,surprise,0.35
0.13169788,0.41557163,0.07107145,0.06926051,0.06402175,0.0078925295,0.24048427,sadness,0.33
0.19004828,0.022984134,0.5112169,0.02300317,0.023020396,0.022978336,0.2067488,neutral,0.24
0.02568112,0.3059515,0.5657897,0.025622504,0.025617002,0.025721094,0.025617067,anger,0.54
0.12429415,0.08947723,0.19033583,0.1806203,0.108792156,0.22453925,0.08194111,fear,0.31
0.1844667,0.18623322,0.31856355,0.10060788,0.011030319,0.011008159,0.18809015,neutral,0.44
0.04763219,0.04763219,0.7142069,0.04763219,0.04763219,0.047632195,0.047632195,anger,0.8844
0.18908764,0.19061351,0.02387439,0.19080998,0.19075665,0.023874393,0.19098344,neutral,0.6517
0.2503165,0.14323774,0.016050003,0.016108245,0.5421875,0.016050007,0.016050009,disgust,0.42
0.09664956,0.22424497,0.101492435,0.20880288,0.07450111,0.15215139,0.1421577,anger,0.27
0.047638573,0.047638573,0.047638573,0.047638573,0.047638573,0.047638573,0.71416855,anger,0.55
0.13847667,0.31963888,0.11625238,0.034617547,0.11343457,0.12756775,0.15001221,neutral,0.2618
0.13985874,0.096859686,0.078097865,0.14129743,0.19211695,0.20377742,0.14799193,neutral,0.35
0.07147588,0.57114476,0.071475886,0.07147588,0.071475886,0.071475886,0.071475886,anger,0.9438
0.24441366,0.13305955,0.05286124,0.19961849,0.22445048,0.052695416,0.09290116,disgust,0.3045
0.19442184,0.13531075,0.0143430745,0.21194556,0.31557208,0.014359412,0.11404732,sadness,0.54
0.16590998,0.17104381,0.22769417,0.27637595,0.015856266,0.015844176,0.12727566,disgust,0.19
0.07170624,0.071438335,0.071438335,0.071438335,0.071438335,0.571102,0.071438335,anger,0.9614
0.08915688,0.18669021,0.054195415,0.2089452,0.1085532,0.24470088,0.10775822,anger,0.32
0.08177063,0.19652124,0.13317734,0.15208021,0.12950315,0.14643615,0.16051129,joy,0.2817
0.11431248,0.18234335,0.18290728,0.19094448,0.16290158,0.11348477,0.05310603,anger,0.23
0.17716123,0.21477988,0.3377327,0.0759356,0.03809326,0.08782461,0.068472736,fear,0.1855
0.0285962,0.82816017,0.028821794,0.02859114,0.028651146,0.028576992,0.028602595,neutral,0.71
0.17935136,0.20222041,0.08477489,0.15939236,0.03405593,0.15080208,0.18940294,joy,0.23
0.23810664,0.19374281,0.2150717,0.013081955,0.13320373,0.013036688,0.1937565,neutral,0.39
0.3140488,0.2142244,0.314611,0.014338963,0.0144621255,0.014303571,0.114011146,joy,0.38
0.11713391,0.18993539,0.27435052,0.19988227,0.0061073196,0.05533426,0.15725632,joy,0.5
0.37199146,0.12754866,0.17069913,0.040588055,0.11789617,0.0029695197,0.16830695,neutral,0.3
0.14716895,0.22203198,0.13105287,0.18552896,0.042963717,0.10437171,0.1668818,joy,0.2017
0.19684334,0.14886248,0.008540338,0.4268697,0.008552338,0.008513139,0.20181862,neutral,0.81
0.050307553,0.1947602,0.18008906,0.12758262,0.11406248,0.14294471,0.19025338,disgust,0.216
0.18893419,0.11068438,0.17898588,0.1086298,0.13220698,0.059580598,0.22097819,surprise,0.29
0.0059655365,0.18256629,0.33605647,0.15606762,0.19436572,0.11900502,0.0059732883,joy,0.38
0.01244093,0.17789876,0.1150354,0.42260447,0.11816213,0.1414342,0.0124241,neutral,0.61
0.2577603,0.0024566203,0.15941343,0.16661933,0.14319207,0.15494362,0.115614675,neutral,0.52
0.22527884,0.1266774,0.19597776,0.008468158,0.072736785,0.12579791,0.24506313,neutral,0.25
0.005949335,0.21011297,0.14006834,0.13768655,0.17483702,0.104154505,0.22719127,neutral,0.44
0.092969954,0.17486036,0.20714755,0.22657536,0.077929296,0.09827903,0.12223845,anger,0.25
0.16161633,0.25506464,0.118834555,0.14752667,0.05888491,0.10458369,0.15348922,joy,0.2717
0.035901077,0.536793,0.035894327,0.28366283,0.035842292,0.036062498,0.03584397,neutral,0.3694
0.08080501,0.14810817,0.13676755,0.16474608,0.14394923,0.13486964,0.19075431,joy,0.293
0.20103917,0.22104307,0.19754253,0.020441463,0.16966717,0.02052206,0.16974454,fear,0.5
0.38100633,0.38049266,0.047883492,0.047654375,0.047654383,0.047654383,0.047654383,neutral,0.6424
0.035733126,0.035740513,0.03581417,0.03573986,0.035761174,0.33195204,0.48925912,disgust,0.91
0.06718426,0.30288076,0.06654455,0.067333214,0.12610565,0.12612435,0.24382721,fear,0.21
0.08462986,0.19759612,0.13676848,0.13654065,0.12957734,0.15407212,0.16081548,fear,0.3208
0.13816951,0.16383523,0.46550208,0.009282268,0.009282303,0.13952021,0.07440842,neutral,0.51
0.05035744,0.1758388,0.0051750448,0.22409949,0.22455573,0.2780439,0.041929618,neutral,0.2711
0.07142909,0.5714255,0.07142909,0.07142909,0.07142909,0.07142909,0.07142909,anger,0.6039
0.035718393,0.5356936,0.035718393,0.28558347,0.035849378,0.035718393,0.035718393,neutral,0.6067
0.011075779,0.10064047,0.21470454,0.121029936,0.2748602,0.26667666,0.011012369,neutral,0.46
0.28563944,0.035732344,0.53564924,0.035717227,0.03582729,0.035717227,0.035717227,neutral,0.3614
0.009009328,0.159546,0.009001297,0.37819365,0.08353968,0.15109186,0.2096182,sadness,0.4
0.2466106,0.13167001,0.146773,0.12404105,0.035287566,0.22545487,0.090162896,fear,0.23
0.2869327,0.16605717,0.26851657,0.017941548,0.017901001,0.017901003,0.22474998,neutral,0.43
0.05791767,0.14198579,0.118169375,0.16304955,0.18822277,0.1272676,0.20338725,neutral,0.29
0.14285715,0.14285715,0.14285715,0.14285715,0.14285715,0.14285715,0.14285715,anger,0.1871
0.24533941,0.112050936,0.011128034,0.24793582,0.011130882,0.27558818,0.09682672,neutral,0.4367
0.14285715,0.14285715,0.14285715,0.14285715,0.14285715,0.14285715,0.14285715,anger,0.1871
0.023576157,0.5252232,0.19035636,0.190034,0.02365736,0.023576425,0.02357647,fear,0.55
0.03571622,0.03571622,0.035741806,0.035750315,0.03571622,0.03571622,0.785643,joy,0.4265
0.015063555,0.17509909,0.24803823,0.15148519,0.015105559,0.38014463,0.015063755,anger,0.33
0.12976697,0.22017695,0.2358554,0.17823514,0.13848959,0.061471492,0.03600447,anger,0.2967
0.16529666,0.011026788,0.5410104,0.09756039,0.08714583,0.08691652,0.011043411,neutral,0.395
0.011949653,0.11130905,0.10405259,0.17803493,0.3829273,0.10859309,0.10313339,anger,0.38
0.19730653,0.07033022,0.19062085,0.24377345,0.069296256,0.008409036,0.22026366,neutral,0.34
0.16325282,0.020262169,0.020357896,0.4492806,0.020280015,0.30593213,0.020634405,joy,0.64
0.25472647,0.24856192,0.089182846,0.22579388,0.07635792,0.09511139,0.010265577,disgust,0.49
0.14885873,0.3756855,0.12139503,0.08456029,0.0554557,0.15223122,0.06181355,joy,0.3212
0.19513655,0.33505106,0.07175321,0.22801647,0.05514723,0.036711257,0.07818425,anger,0.22
0.023988977,0.3478834,0.1939617,0.023988793,0.024010487,0.19225432,0.1939123,neutral,0.27
0.10289276,0.16353802,0.32291594,0.010282228,0.14794844,0.010257213,0.24216537,neutral,0.58
0.3819975,0.046854496,0.38337427,0.04685384,0.047208186,0.046855748,0.04685594,neutral,0.37
0.04773503,0.04762115,0.38091832,0.047754433,0.04762115,0.04762115,0.38072878,fear,0.3833
0.20821857,0.25084624,0.12720767,0.07370287,0.13761038,0.0041319714,0.19828226,neutral,0.31
0.028720357,0.028579129,0.02863309,0.02884813,0.42808065,0.22853719,0.22860146,neutral,0.6
0.17528038,0.4011738,0.020647991,0.020647967,0.34094173,0.020660145,0.020648,sadness,0.25
0.18809626,0.23301402,0.1584952,0.22623993,0.12472712,0.007607805,0.061819684,neutral,0.34
0.07469291,0.25967163,0.2057087,0.07742209,0.16982761,0.009316121,0.20336094,neutral,0.36
0.006836438,0.10215398,0.24527584,0.14904352,0.054317232,0.14941083,0.2929622,anger,0.26
0.25203454,0.09287909,0.21163832,0.13057947,0.21943381,0.031031962,0.062402833,sadness,0.28
0.10860441,0.016552614,0.016527997,0.17781901,0.016527515,0.20503496,0.45893344,joy,0.38
0.14438263,0.15033032,0.12300028,0.22423057,0.26116383,0.009657822,0.08723457,disgust,0.43
0.2005614,0.20696132,0.11901232,0.18465117,0.13432305,0.086032264,0.06845846,neutral,0.2
0.1719076,0.21689399,0.14925504,0.14904097,0.06245242,0.1382821,0.11216787,joy,0.3217
0.35126653,0.010794705,0.09806595,0.010852006,0.18908729,0.24130315,0.09863039,neutral,0.31
0.13673194,0.074330315,0.14273804,0.20490763,0.06723698,0.074460536,0.29959455,disgust,0.26
0.40462902,0.010948251,0.23204191,0.24252568,0.010963691,0.0109741865,0.08791728,neutral,0.61
0.006131555,0.09383486,0.006073999,0.42640406,0.09145757,0.31989637,0.056201585,neutral,0.29
0.217362,0.15541403,0.249469,0.10428255,0.11077158,0.08223929,0.08046158,surprise,0.45
0.18547499,0.19948606,0.01249355,0.31105965,0.11006452,0.16898628,0.012434923,neutral,0.4
0.020297574,0.21656205,0.18129876,0.020348456,0.020285966,0.16358793,0.3776193,anger,0.34
0.19042113,0.35703382,0.023945216,0.3571059,0.023853712,0.023820119,0.023820119,neutral,0.53
0.20547965,0.10760758,0.1624365,0.06926727,0.2850138,0.16223708,0.00795816,neutral,0.29
0.19024557,0.16888513,0.17797671,0.0526307,0.049594793,0.22382842,0.1368387,surprise,0.23
0.16169357,0.13793677,0.20293473,0.14589655,0.22938077,0.006906831,0.11525077,neutral,0.41
0.09873339,0.1675493,0.28119427,0.0040944596,0.15495262,0.20303136,0.09044463,neutral,0.32
0.08796407,0.08694327,0.25303265,0.08810878,0.088246614,0.011017897,0.38468668,neutral,0.43
0.12497431,0.23923816,0.1422739,0.21312082,0.16842513,0.0731655,0.038802184,anger,0.43
0.29136902,0.008422808,0.072825216,0.3409661,0.06950585,0.08814569,0.12876539,neutral,0.24
0.1553834,0.25242224,0.052889034,0.13440813,0.07861564,0.029568082,0.29671347,sadness,0.21
0.122547105,0.14275765,0.1906225,0.07035499,0.17384289,0.13733701,0.16253786,neutral,0.29
0.20227703,0.11555453,0.17142715,0.21217832,0.14724629,0.018187001,0.13312964,anger,0.24
0.16989537,0.0101625165,0.010160402,0.4598409,0.23604943,0.010194946,0.10369649,neutral,0.55
0.46555987,0.0766697,0.1378011,0.00958535,0.15703231,0.009594701,0.14375697,neutral,0.3315
0.035718944,0.28572407,0.035718944,0.5356812,0.035718944,0.035718944,0.035718944,neutral,0.7
0.056373157,0.104841344,0.22541153,0.22665733,0.08988135,0.20315883,0.09367643,fear,0.63
0.28013673,0.18307619,0.06198936,0.22419655,0.11976672,0.07340891,0.057425555,fear,0.28
0.023844576,0.5238315,0.023879815,0.023909567,0.19048725,0.19023389,0.023813471,neutral,0.73
0.14285715,0.14285715,0.14285715,0.14285715,0.14285715,0.14285715,0.14285715,anger,0.1871
0.29934922,0.18633537,0.07527613,0.14314036,0.009551114,0.009551114,0.27679667,neutral,0.5833
0.07136243,0.19332266,0.1441031,0.14168334,0.19632898,0.07119743,0.18200207,disgust,0.345
0.26021388,0.05911246,0.09733758,0.05260588,0.0987648,0.27994084,0.15202461,fear,0.24
0.11370488,0.213023,0.21713544,0.21391045,0.0141811455,0.1139419,0.114103146,neutral,0.43
0.2591494,0.14664517,0.21182518,0.057927985,0.061390504,0.08804344,0.1750183,surprise,0.57
0.7133106,0.047849208,0.048107952,0.047652893,0.047652896,0.04777359,0.047652896,joy,0.66
0.1641368,0.011027088,0.0110524595,0.4598312,0.01100392,0.16501187,0.17793667,neutral,0.63
0.275568,0.16902015,0.06854221,0.07767797,0.05358981,0.24707094,0.108530894,surprise,0.28
0.06363961,0.10575465,0.1641454,0.3567465,0.12662229,0.06310205,0.1199895,neutral,0.24
0.17513222,0.07155789,0.1099341,0.22655642,0.13724263,0.09638935,0.18318747,neutral,0.27
0.3474905,0.2700825,0.31887606,0.015877431,0.015886962,0.015902199,0.015884388,neutral,0.56
0.08263579,0.12461323,0.25348857,0.005935697,0.18357468,0.1513503,0.19840175,neutral,0.33
0.0758251,0.27985767,0.18912871,0.052643467,0.15466891,0.14573045,0.10214566,anger,0.22
0.18418811,0.22960994,0.124077365,0.004037052,0.15506299,0.034853797,0.26817077,neutral,0.34
0.010216957,0.09366655,0.19572063,0.085206814,0.36341718,0.24155895,0.010212935,fear,0.31
0.19049788,0.012681986,0.115955755,0.35284317,0.12418908,0.012708669,0.19112347,sadness,0.33
0.56991565,0.07168071,0.07168073,0.0716807,0.07168073,0.07168075,0.07168075,disgust,0.82
0.26628688,0.017951844,0.26890364,0.017951846,0.01795185,0.14159912,0.26935482,neutral,0.33
0.105360866,0.091163576,0.013172795,0.11477546,0.0131933,0.37269938,0.2896346,sadness,0.41
0.15999876,0.13270201,0.11726442,0.10801878,0.18015936,0.17944153,0.122415125,neutral,0.3
0.1684984,0.35705537,0.017909601,0.15347119,0.017886247,0.017938754,0.26724043,neutral,0.6475
0.24912207,0.010454991,0.14626563,0.26844403,0.010461632,0.15694056,0.1583111,neutral,0.46
0.1971224,0.18738408,0.010560044,0.49829558,0.010674422,0.08540478,0.010558737,neutral,0.46
0.25319916,0.020450791,0.21617562,0.02045079,0.1634475,0.30582532,0.020450793,joy,0.47
0.17365195,0.3148788,0.0863306,0.18061589,0.0057266057,0.19262226,0.046173897,joy,0.22
0.27129,0.1950242,0.2491929,0.012862414,0.012855017,0.101736255,0.15703921,neutral,0.38
0.069998614,0.5790643,0.070000455,0.06999679,0.070936345,0.0700015,0.07000198,neutral,0.65
0.07240768,0.17792746,0.31391746,0.1645265,0.033897772,0.12835261,0.108970515,neutral,0.28
0.04411202,0.23221996,0.09583129,0.03952628,0.04815605,0.26923224,0.27092215,fear,0.44
0.02868928,0.22537462,0.22939947,0.028689276,0.028689286,0.02868929,0.43046874,fear,0.3966
0.15924683,0.17245404,0.12094033,0.1547334,0.101005375,0.17219394,0.11942611,anger,0.24
0.2069953,0.121955715,0.16497687,0.0754784,0.16535072,0.06902557,0.19621742,surprise,0.29
0.2530244,0.16294548,0.21617605,0.30654424,0.020436615,0.020436615,0.020436615,disgust,0.56
0.19734122,0.020090818,0.16111414,0.18531018,0.020101724,0.25438192,0.16165999,joy,0.23
0.13733114,0.1469492,0.12371774,0.07916996,0.18533473,0.20324032,0.124256864,sadness,0.32
0.42576158,0.028720465,0.22977033,0.028720457,0.028720474,0.22958621,0.028720481,neutral,0.4708
0.19880792,0.24368909,0.060749844,0.0069039245,0.24892464,0.13726823,0.10365636,neutral,0.31
0.15057425,0.14328381,0.23260465,0.14843525,0.08436943,0.09726485,0.14346775,surprise,0.54
0.017385095,0.2621082,0.3141984,0.2318674,0.01737493,0.13970363,0.01736238,neutral,0.36
0.22861151,0.42865753,0.028577864,0.2284195,0.028577864,0.028577864,0.028577864,neutral,0.6679
0.29520744,0.36131367,0.028751059,0.22876073,0.028707922,0.028649425,0.028609753,neutral,0.375
0.008223775,0.22845499,0.230704,0.23001826,0.22881664,0.0082473,0.06553507,neutral,0.4367
0.17474927,0.1153344,0.15451723,0.1355859,0.20067164,0.20819372,0.010947813,neutral,0.3
0.22738363,0.26985455,0.1268331,0.13371074,0.13192411,0.04756636,0.06272751,fear,0.2817
0.26897755,0.24542235,0.055466544,0.119008034,0.19781606,0.036863536,0.076445974,disgust,0.29
0.276444,0.005689746,0.13206655,0.17026404,0.05004238,0.20633772,0.15915555,surprise,0.49
0.017918998,0.017941197,0.38487682,0.39268425,0.15053782,0.017982043,0.018058902,disgust,0.35
0.13652019,0.22947131,0.17661189,0.07513643,0.18506452,0.075250864,0.121944755,neutral,0.23
0.3807766,0.38105997,0.04763267,0.04763267,0.04763267,0.047632672,0.047632672,neutral,0.86
0.19639105,0.22664043,0.22509475,0.13622223,0.07721556,0.008515295,0.12992069,neutral,0.45
0.27060822,0.12965403,0.05045885,0.23429082,0.073203124,0.13033721,0.11144778,fear,0.2115
0.025760554,0.025760554,0.25387198,0.2652154,0.02576067,0.19770871,0.2059221,surprise,0.45
0.32745433,0.14099745,0.10215209,0.15534723,0.0690866,0.052283313,0.15267901,anger,0.21
0.39009616,0.1010959,0.09993342,0.37837005,0.010141551,0.0101741105,0.010188787,neutral,0.5284
0.028663062,0.028687319,0.38207522,0.028586997,0.47455108,0.028832147,0.028604142,neutral,0.56
0.26682174,0.018013714,0.017906766,0.30573097,0.017896641,0.35573348,0.017896643,neutral,0.46
0.108782366,0.013565478,0.013571731,0.10843491,0.39492953,0.15698636,0.20372966,sadness,0.38
0.26038682,0.19669953,0.1831293,0.08978568,0.17442974,0.008157348,0.08741155,neutral,0.4
0.010113208,0.5104969,0.1433926,0.16261761,0.15314358,0.01011327,0.010122826,neutral,0.58
0.3685859,0.16493888,0.17272626,0.011079398,0.2605983,0.011064408,0.011006875,neutral,0.5
0.14683238,0.14994453,0.15534058,0.17834853,0.16743566,0.1038687,0.098229624,sadness,0.4609
0.047627755,0.04768662,0.047627755,0.047726274,0.047735315,0.7139686,0.047627755,neutral,0.55
0.15209574,0.13282183,0.37357777,0.29363865,0.01593107,0.01600383,0.015931128,neutral,0.41
0.13083464,0.18521114,0.22794248,0.10439304,0.14997588,0.11474226,0.086900525,neutral,0.31
0.1112936,0.2915349,0.18063654,0.0343333,0.14928684,0.08985915,0.14305563,neutral,0.2117
0.11517659,0.011988752,0.011974608,0.20069239,0.29804963,0.1834197,0.17869833,neutral,0.28
0.010242365,0.10477334,0.16145448,0.28537393,0.1576271,0.19434878,0.08618002,neutral,0.27
0.12150262,0.17308342,0.30416855,0.24007767,0.09085152,0.0068290667,0.06348709,neutral,0.45
0.15364885,0.43759513,0.08219636,0.07988094,0.08223349,0.010295822,0.15414941,sadness,0.55
0.12974566,0.36177024,0.22991532,0.04666366,0.0054703103,0.12937626,0.097058505,neutral,0.3725
0.12658313,0.22261171,0.26630995,0.0089580435,0.00895242,0.24531233,0.12127242,neutral,0.6
0.21418296,0.014225098,0.29727983,0.014199335,0.21445386,0.014199486,0.2314594,sadness,0.32
0.18971027,0.35746834,0.024084974,0.023560466,0.023560828,0.023561014,0.35805407,disgust,0.54
0.14549619,0.015455865,0.43050846,0.015434288,0.12437574,0.015446899,0.2532825,joy,0.31
0.114841215,0.36284703,0.17251797,0.15887427,0.007175045,0.17661159,0.007132843,neutral,0.48
0.30450597,0.15742788,0.01046553,0.19051445,0.08077444,0.12126928,0.13504241,neutral,0.39
0.020492144,0.30689415,0.59071916,0.020457176,0.020522939,0.020457182,0.020457184,neutral,0.7756
0.15373896,0.013842219,0.29376057,0.013854403,0.15029094,0.013923991,0.3605889,joy,0.26
0.047895577,0.04791878,0.7127261,0.047855522,0.047855552,0.04789289,0.047855556,neutral,0.3333
0.3260642,0.23044741,0.11983907,0.11571371,0.116732515,0.08415615,0.0070469794,disgust,0.31
0.024035295,0.35091624,0.19227885,0.024035284,0.19238052,0.19231854,0.024035314,neutral,0.29
0.101176545,0.16497731,0.059980407,0.05961699,0.3465022,0.15260132,0.11514518,neutral,0.3
0.046831667,0.38221103,0.046832412,0.04683094,0.046922997,0.04683281,0.38353813,neutral,0.33
0.25864005,0.13326631,0.0052985437,0.09298228,0.14037104,0.21536936,0.1540724,neutral,0.49
0.11482114,0.45642063,0.014046522,0.014147902,0.17446384,0.21205062,0.014049327,neutral,0.33
0.023878995,0.023811284,0.20446494,0.023826554,0.023811284,0.023811284,0.67639565,neutral,0.81
0.10525555,0.23248833,0.20313334,0.10719075,0.10123594,0.124846466,0.12584956,neutral,0.35
0.015915742,0.4020189,0.28683674,0.13630621,0.015900211,0.015925223,0.12709694,neutral,0.36
0.07792151,0.19800189,0.108097255,0.19523782,0.124487855,0.15874985,0.13750385,anger,0.29
0.12298393,0.10913476,0.21573177,0.079903275,0.15890951,0.15942936,0.15390734,fear,0.25
0.17297089,0.31563437,0.07021036,0.21959272,0.15375209,0.0076002055,0.06023938,anger,0.27
0.071435384,0.071435384,0.5713877,0.071435384,0.07143539,0.07143539,0.07143539,fear,0.2598
0.10891993,0.01216932,0.18945368,0.17557283,0.012193732,0.25324497,0.24844557,neutral,0.27
0.044589873,0.16807246,0.17301716,0.2726756,0.09805994,0.052261163,0.19132379,anger,0.35
0.54302186,0.03622377,0.036223795,0.036223747,0.27558035,0.03622381,0.03650265,neutral,0.71
0.011953113,0.25961158,0.13049872,0.1437466,0.09542596,0.0120025845,0.34676144,neutral,0.3514
0.013105731,0.1845728,0.30038932,0.2698523,0.09891995,0.0130714765,0.12008839,fear,0.63
0.5349046,0.0357264,0.035889503,0.28565723,0.035871454,0.036224402,0.035726402,neutral,0.37
0.01044471,0.16310607,0.28649125,0.12525141,0.1726246,0.23163846,0.010443513,neutral,0.556
0.04765039,0.04765039,0.04765039,0.04765039,0.04765039,0.38063574,0.38111234,disgust,0.93
0.1990433,0.16913097,0.16098468,0.12949067,0.018046819,0.14278719,0.18051639,disgust,0.261
0.2230987,0.3338124,0.10295419,0.082212865,0.022184273,0.11784594,0.11789165,joy,0.25
0.047754537,0.3808108,0.047675475,0.047799233,0.04785078,0.38047892,0.047630243,surprise,0.72
0.020470984,0.020470982,0.30679706,0.16373897,0.16324082,0.16152711,0.16375406,neutral,0.4342
0.12294611,0.1414717,0.008624343,0.36399233,0.13792749,0.15547068,0.06956733,neutral,0.41
0.15322107,0.09979753,0.16418988,0.1627319,0.18020958,0.15398084,0.085869245,sadness,0.33
0.29917824,0.16656202,0.20321064,0.1468151,0.021344304,0.101314895,0.061574783,disgust,0.2
0.035722084,0.2857491,0.035722084,0.53559136,0.035722084,0.035771158,0.035722084,neutral,0.481
0.094639406,0.1980383,0.13814212,0.19109721,0.06649172,0.17299353,0.13859768,fear,0.19
0.0820775,0.043616123,0.28388593,0.19896147,0.2677996,0.042800233,0.08085917,sadness,0.25
0.047665503,0.38123968,0.38043278,0.047665495,0.047665503,0.047665503,0.047665503,joy,0.86
0.023867555,0.4553802,0.023960957,0.023815552,0.02381791,0.42533964,0.023818173,neutral,0.42
0.22561663,0.008381252,0.16110569,0.008376326,0.12518889,0.24198541,0.22934583,anger,0.47
0.21819274,0.01789044,0.16182859,0.017959185,0.17364283,0.3925958,0.017890444,sadness,0.48
0.18429247,0.18344443,0.02287635,0.022876093,0.17906861,0.3845656,0.022876455,disgust,0.26
0.03385382,0.27385208,0.033854116,0.03385351,0.27407664,0.3166555,0.03385436,anger,0.4
0.028690299,0.62992567,0.02869032,0.22646338,0.028849645,0.028690308,0.028690318,neutral,0.4133
0.14285715,0.14285715,0.14285715,0.14285715,0.14285715,0.14285715,0.14285715,anger,0.1871
0.08898121,0.2024022,0.07788823,0.27523804,0.15306784,0.033636846,0.16878563,disgust,0.21
0.19842945,0.16619343,0.20914106,0.16414167,0.091311455,0.036809057,0.13397388,surprise,0.45
0.036105633,0.036151763,0.036436,0.036105614,0.54167694,0.036105666,0.27741838,sadness,0.4782
0.14285715,0.14285715,0.14285715,0.14285715,0.14285715,0.14285715,0.14285715,anger,0.1871
0.24631312,0.21695998,0.115736604,0.08557055,0.007570285,0.007575009,0.32027447,neutral,0.52
0.5713803,0.07143661,0.07143661,0.07143661,0.07143661,0.07143661,0.07143661,sadness,0.4071
0.1799889,0.04316232,0.06001664,0.4469495,0.12000989,0.005122897,0.1447498,neutral,0.2425
0.089397356,0.011195347,0.30127954,0.24911825,0.24850376,0.011189452,0.0893163,neutral,0.5
0.061631065,0.2815708,0.17231384,0.17178713,0.13214737,0.0038508347,0.17669895,neutral,0.3
0.028505,0.14258195,0.37093255,0.14708978,0.125142,0.078457534,0.10729122,surprise,0.25
